[
    {
        "image": "assets/images/banner/homePageBanner1.jpg",
        "alt": "1",
        "type": "image",
        "link": "https://www.amazon.in/",
        "data": "Second slide label1",
        "para": "Lorem ipsum dolor sit amet, consectetur adipiscing elit"
    },
    {
        "image": "assets/images/banner/homePageBanner2.jpg",
        "alt": "2",
        "type": "image",
        "link": "https://www.google.in/",
        "data": "Second slide label2",
        "para": "Lorem ipsum dolor sit amet, consectetur adipiscing elit"
    },
    {
        "image": "assets/images/video/1.mp4",
        "alt": "3",
        "type": "video",
        "data": "Second slide label3",
        "para": "Lorem ipsum dolor sit amet, consectetur adipiscing elit"
    }
]